Topic,Question,URL
1,41,https://www.examtopics.com/discussions/oracle/view/34300-exam-1z0-148-topic-1-question-41-discussion/
1,74,https://www.examtopics.com/discussions/oracle/view/9536-exam-1z0-148-topic-1-question-74-discussion/
1,73,https://www.examtopics.com/discussions/oracle/view/9535-exam-1z0-148-topic-1-question-73-discussion/
1,72,https://www.examtopics.com/discussions/oracle/view/23086-exam-1z0-148-topic-1-question-72-discussion/
1,71,https://www.examtopics.com/discussions/oracle/view/7743-exam-1z0-148-topic-1-question-71-discussion/
1,70,https://www.examtopics.com/discussions/oracle/view/9569-exam-1z0-148-topic-1-question-70-discussion/
1,68,https://www.examtopics.com/discussions/oracle/view/29731-exam-1z0-148-topic-1-question-68-discussion/
1,67,https://www.examtopics.com/discussions/oracle/view/9529-exam-1z0-148-topic-1-question-67-discussion/
1,66,https://www.examtopics.com/discussions/oracle/view/7740-exam-1z0-148-topic-1-question-66-discussion/
1,65,https://www.examtopics.com/discussions/oracle/view/9527-exam-1z0-148-topic-1-question-65-discussion/
1,64,https://www.examtopics.com/discussions/oracle/view/9521-exam-1z0-148-topic-1-question-64-discussion/
1,63,https://www.examtopics.com/discussions/oracle/view/7717-exam-1z0-148-topic-1-question-63-discussion/
1,62,https://www.examtopics.com/discussions/oracle/view/3048-exam-1z0-148-topic-1-question-62-discussion/
1,60,https://www.examtopics.com/discussions/oracle/view/9514-exam-1z0-148-topic-1-question-60-discussion/
1,59,https://www.examtopics.com/discussions/oracle/view/23084-exam-1z0-148-topic-1-question-59-discussion/
1,56,https://www.examtopics.com/discussions/oracle/view/12940-exam-1z0-148-topic-1-question-56-discussion/
1,55,https://www.examtopics.com/discussions/oracle/view/9511-exam-1z0-148-topic-1-question-55-discussion/
1,54,https://www.examtopics.com/discussions/oracle/view/32189-exam-1z0-148-topic-1-question-54-discussion/
1,53,https://www.examtopics.com/discussions/oracle/view/9510-exam-1z0-148-topic-1-question-53-discussion/
1,52,https://www.examtopics.com/discussions/oracle/view/16248-exam-1z0-148-topic-1-question-52-discussion/
1,51,https://www.examtopics.com/discussions/oracle/view/9509-exam-1z0-148-topic-1-question-51-discussion/
1,50,https://www.examtopics.com/discussions/oracle/view/7714-exam-1z0-148-topic-1-question-50-discussion/
1,49,https://www.examtopics.com/discussions/oracle/view/13851-exam-1z0-148-topic-1-question-49-discussion/
1,48,https://www.examtopics.com/discussions/oracle/view/9508-exam-1z0-148-topic-1-question-48-discussion/
1,47,https://www.examtopics.com/discussions/oracle/view/16394-exam-1z0-148-topic-1-question-47-discussion/
1,46,https://www.examtopics.com/discussions/oracle/view/9506-exam-1z0-148-topic-1-question-46-discussion/
1,45,https://www.examtopics.com/discussions/oracle/view/7777-exam-1z0-148-topic-1-question-45-discussion/
1,44,https://www.examtopics.com/discussions/oracle/view/27231-exam-1z0-148-topic-1-question-44-discussion/
1,43,https://www.examtopics.com/discussions/oracle/view/29476-exam-1z0-148-topic-1-question-43-discussion/
1,42,https://www.examtopics.com/discussions/oracle/view/13458-exam-1z0-148-topic-1-question-42-discussion/
1,40,https://www.examtopics.com/discussions/oracle/view/12935-exam-1z0-148-topic-1-question-40-discussion/
1,39,https://www.examtopics.com/discussions/oracle/view/7815-exam-1z0-148-topic-1-question-39-discussion/
1,38,https://www.examtopics.com/discussions/oracle/view/9501-exam-1z0-148-topic-1-question-38-discussion/
1,37,https://www.examtopics.com/discussions/oracle/view/9500-exam-1z0-148-topic-1-question-37-discussion/
1,36,https://www.examtopics.com/discussions/oracle/view/9499-exam-1z0-148-topic-1-question-36-discussion/
1,35,https://www.examtopics.com/discussions/oracle/view/9496-exam-1z0-148-topic-1-question-35-discussion/
1,34,https://www.examtopics.com/discussions/oracle/view/9495-exam-1z0-148-topic-1-question-34-discussion/
1,32,https://www.examtopics.com/discussions/oracle/view/13264-exam-1z0-148-topic-1-question-32-discussion/
1,31,https://www.examtopics.com/discussions/oracle/view/7712-exam-1z0-148-topic-1-question-31-discussion/
1,30,https://www.examtopics.com/discussions/oracle/view/23955-exam-1z0-148-topic-1-question-30-discussion/
1,28,https://www.examtopics.com/discussions/oracle/view/7711-exam-1z0-148-topic-1-question-28-discussion/
1,27,https://www.examtopics.com/discussions/oracle/view/7710-exam-1z0-148-topic-1-question-27-discussion/
1,26,https://www.examtopics.com/discussions/oracle/view/9490-exam-1z0-148-topic-1-question-26-discussion/
1,25,https://www.examtopics.com/discussions/oracle/view/9488-exam-1z0-148-topic-1-question-25-discussion/
1,24,https://www.examtopics.com/discussions/oracle/view/7709-exam-1z0-148-topic-1-question-24-discussion/
1,23,https://www.examtopics.com/discussions/oracle/view/9930-exam-1z0-148-topic-1-question-23-discussion/
1,22,https://www.examtopics.com/discussions/oracle/view/7708-exam-1z0-148-topic-1-question-22-discussion/
1,19,https://www.examtopics.com/discussions/oracle/view/9467-exam-1z0-148-topic-1-question-19-discussion/
1,16,https://www.examtopics.com/discussions/oracle/view/9926-exam-1z0-148-topic-1-question-16-discussion/
1,14,https://www.examtopics.com/discussions/oracle/view/9925-exam-1z0-148-topic-1-question-14-discussion/
1,13,https://www.examtopics.com/discussions/oracle/view/9463-exam-1z0-148-topic-1-question-13-discussion/
1,12,https://www.examtopics.com/discussions/oracle/view/7615-exam-1z0-148-topic-1-question-12-discussion/
1,8,https://www.examtopics.com/discussions/oracle/view/9443-exam-1z0-148-topic-1-question-8-discussion/
1,7,https://www.examtopics.com/discussions/oracle/view/9442-exam-1z0-148-topic-1-question-7-discussion/
1,3,https://www.examtopics.com/discussions/oracle/view/6387-exam-1z0-148-topic-1-question-3-discussion/
1,2,https://www.examtopics.com/discussions/oracle/view/4730-exam-1z0-148-topic-1-question-2-discussion/
1,5,https://www.examtopics.com/discussions/oracle/view/9441-exam-1z0-148-topic-1-question-5-discussion/
1,33,https://www.examtopics.com/discussions/oracle/view/7713-exam-1z0-148-topic-1-question-33-discussion/
1,10,https://www.examtopics.com/discussions/oracle/view/9460-exam-1z0-148-topic-1-question-10-discussion/
1,9,https://www.examtopics.com/discussions/oracle/view/23943-exam-1z0-148-topic-1-question-9-discussion/
1,6,https://www.examtopics.com/discussions/oracle/view/4745-exam-1z0-148-topic-1-question-6-discussion/
1,1,https://www.examtopics.com/discussions/oracle/view/759-exam-1z0-148-topic-1-question-1-discussion/
1,69,https://www.examtopics.com/discussions/oracle/view/9563-exam-1z0-148-topic-1-question-69-discussion/
1,18,https://www.examtopics.com/discussions/oracle/view/9929-exam-1z0-148-topic-1-question-18-discussion/
1,15,https://www.examtopics.com/discussions/oracle/view/41449-exam-1z0-148-topic-1-question-15-discussion/
1,11,https://www.examtopics.com/discussions/oracle/view/9461-exam-1z0-148-topic-1-question-11-discussion/
1,29,https://www.examtopics.com/discussions/oracle/view/9492-exam-1z0-148-topic-1-question-29-discussion/
1,75,https://www.examtopics.com/discussions/oracle/view/9532-exam-1z0-148-topic-1-question-75-discussion/
1,57,https://www.examtopics.com/discussions/oracle/view/7816-exam-1z0-148-topic-1-question-57-discussion/
1,21,https://www.examtopics.com/discussions/oracle/view/21636-exam-1z0-148-topic-1-question-21-discussion/
1,61,https://www.examtopics.com/discussions/oracle/view/12872-exam-1z0-148-topic-1-question-61-discussion/
1,58,https://www.examtopics.com/discussions/oracle/view/9513-exam-1z0-148-topic-1-question-58-discussion/
